utt_id,n_words,duration_sec,what_they_said,stock_whisper_heard,cohear_heard,stock_wer,cohear_wer,stock_correct,cohear_correct,improved
M04_Session1_0112,1,0.604,swarm,its one,swarm,2.0,0.0,0,1,1
M04_Session2_0094,1,2.635,double,thats all,double,2.0,0.0,0,1,1
M04_Session1_0091,1,2.4,feet,see that,feet,2.0,0.0,0,1,1
M04_Session2_0172,6,12.62,my sister made the flowered curtains,my my my it took hugeapanmi the the flowering cotton din dinn,my sister made the flowers cut thin,1.667,0.5,0,0,1
M04_Session2_0166,1,2.825,witch,which,witch,1.0,0.0,0,1,1
M04_Session2_0017,1,3.13,storm,dumb,storm,1.0,0.0,0,1,1
M04_Session2_0113,1,2.15,knee,nyeh,knee,1.0,0.0,0,1,1
M04_Session2_0273,1,2.715,forward,porn,forward,1.0,0.0,0,1,1
M04_Session2_0121,1,3.445,warm,one,warm,1.0,0.0,0,1,1
M04_Session2_0090,1,3.65,warm,one,warm,1.0,0.0,0,1,1
M04_Session2_0086,1,2.955,read,what,read,1.0,0.0,0,1,1
M04_Session2_0056,1,2.22,sip,its sip,sip,1.0,0.0,0,1,1
M04_Session2_0070,1,2.6,feet,deet,feet,1.0,0.0,0,1,1
M04_Session2_0151,1,2.85,were,we are,wheel,2.0,1.0,0,0,1
M04_Session1_0073,1,3.45,dark,the duck,the dark,2.0,1.0,0,0,1
M04_Session1_0058,1,2.85,go,im go,go,1.0,0.0,0,1,1
M04_Session2_0043,1,2.245,meat,meet,meat,1.0,0.0,0,1,1
M04_Session2_0037,1,2.745,sip,zip,sip,1.0,0.0,0,1,1
M04_Session1_0092,1,2.4,lead,lady,lead,1.0,0.0,0,1,1
M04_Session2_0116,1,2.845,bubble,thats all,debble,2.0,1.0,0,0,1
M04_Session2_0211,1,2.765,tear,dear,tear,1.0,0.0,0,1,1
M04_Session2_0226,8,13.54,youd be better off taking a cold shower,you better better you you be be be better ah talking to thing like a culture,better you be better off talking to him culture,1.75,0.75,0,0,1
M04_Session2_0207,1,2.415,pay,bye,pay,1.0,0.0,0,1,1
M04_Session2_0291,12,17.41,nothing has been done yet to take advantage of the enabling legislation,nothing and been done and extended to take it and in the end im done they are all asleep,nothing has been done yet to take advantage of the near future,1.083,0.167,0,0,1
M04_Session2_0014,11,12.82,she had your dark suit in greasy wash water all year,see you at the next video,she has your dust in greasy white water all year,1.0,0.364,0,0,1
M04_Session2_0187,7,7.86,why yell or worry over silly items,what year are we going to the item,why are we over the items,1.143,0.571,0,0,1
M04_Session2_0038,9,10.57,the quick brown fox jumps over the lazy dog,that good brown fun jump over the lady dog,the quick brown fox jumps over the lazy dog,0.556,0.0,0,1,1
M04_Session2_0246,6,10.465,nothing is as offensive as innocence,nathin nathin nathin nathin,nothing is as effective as a human,1.0,0.5,0,0,1
M04_Session1_0076,10,12.6,dont ask me to carry an oily rag like that,i dont want to do cake and oil oil like that,dont ask me to change an oil rat like that,0.8,0.3,0,0,1
M04_Session2_0231,6,8.34,the train approached the depot slowly,the drink abounding than the divorce only,the train approaches the people slowly,0.833,0.333,0,0,1
M04_Session2_0283,7,7.525,it was a good win for us,iwo watakzin winfrah,it was a thin wing for a hand,1.0,0.571,0,0,1
M04_Session1_0084,8,12.6,you wished to know all about my grandfather,you you which didnt know all about my my grandfather,you wish to know all about my grandfather,0.5,0.125,0,0,1
M04_Session2_0194,14,16.19,if you destroy confidence in banks you do something to the economy he said,if you did the carpeting in vain you do something to die come and eat it,if you insist on confident in ban you do something to the economy he says,0.643,0.357,0,0,1
M04_Session1_0047,8,9.45,yet he still thinks as swiftly as ever,yeah hes still sleeping and sweetly ever,yet he still sits and sweetly ever,0.75,0.5,0,0,1
M04_Session1_0012,13,20.85,twice each day he plays skillfully and with zest upon our small organ,twenty days she played secretly and she went to death above our organs,twice day explains securely and she wishes to assess a possible organ,1.0,0.769,0,0,1
M04_Session2_0298,7,10.045,both injuries were to the same leg,but in doing your to the the then like,both interiors were too dead to make it,1.0,0.857,0,0,1
M04_Session2_0100,13,18.445,twice each day he plays skillfully and with zest upon our small organ,and with that ill see you tomorrow morning,toyer is played carefully and with his arms are smarred,0.923,0.846,0,0,1
M04_Session2_0214,1,2.61,of,oh,ow,1.0,1.0,0,0,0
M04_Session2_0079,1,3.38,feed,she did,she feeds,2.0,2.0,0,0,0
M04_Session2_0284,1,3.555,kitten,hidden,hidden,1.0,1.0,0,0,0
M04_Session2_0198,1,2.335,light,light,light,0.0,0.0,1,1,0
M04_Session2_0296,1,3.2,vat,dent,dent,1.0,1.0,0,0,0
M04_Session2_0180,1,2.375,write,right,right,1.0,1.0,0,0,0
M04_Session1_0039,1,1.8,up,up,up,0.0,0.0,1,1,0
M04_Session1_0097,1,3.75,swarm,one,warm,1.0,1.0,0,0,0
M04_Session2_0156,6,7.51,i was conscious all the time,i would continue all the time,i work consistently all the time,0.333,0.333,0,0,0
M04_Session2_0155,6,8.105,i was conscious all the time,i will continue all the time,i will continue all the time,0.333,0.333,0,0,0
M04_Session2_0039,2,6.875,i can,uh i like it,have i kicked him,1.5,1.5,0,0,0
M04_Session2_0053,1,2.425,dug,doug,duck,1.0,1.0,0,0,0
M04_Session2_0256,1,4.535,coupe,goob,coop,1.0,1.0,0,0,0
M04_Session2_0179,1,2.915,cheer,yeah,shear,1.0,1.0,0,0,0
M04_Session2_0263,1,2.47,write,wait,right,1.0,1.0,0,0,0
M04_Session2_0276,1,3.55,papa,do it,true yet,2.0,2.0,0,0,0
M04_Session2_0161,1,2.885,group,boop,roop,1.0,1.0,0,0,0
M04_Session1_0028,1,3.45,trait,dread dread,press trade,2.0,2.0,0,0,0
M04_Session2_0098,7,8.355,well he is nearly ninety three years old,why he is really 93 years old,whyhe is really 93 years old,0.5,0.625,0,0,0
M04_Session2_0219,8,11.775,both figures would go higher in later years,both things would go higher in later years,both fingers would go higher in a later year,0.125,0.375,0,0,0
M04_Session2_0160,8,11.43,are your grades higher or lower than nancys,are your grades higher or lower than 90,are you a grain higher or lower than netteed,0.125,0.5,0,0,0
M04_Session1_0089,1,2.1,rage,rage,range,0.0,1.0,1,0,0
